"STATION","NAME","DATE","TMAX","TMIN"
"USC00111550","CHICAGO NORTHERLY ISLAND, IL US","2015-01-01","31","17"
"USC00111550","CHICAGO NORTHERLY ISLAND, IL US","2015-01-02","32","24"
"USC00111550","CHICAGO NORTHERLY ISLAND, IL US","2015-01-03","36","30"
"USC00111550","CHICAGO NORTHERLY ISLAND, IL US","2015-01-04","35","6"
"USC00111550","CHICAGO NORTHERLY ISLAND, IL US","2015-01-05","9","-1"
"USC00111550","CHICAGO NORTHERLY ISLAND, IL US","2015-01-06","13","6"
"USC00111550","CHICAGO NORTHERLY ISLAND, IL US","2015-01-07","9","-3"
"USC00111550","CHICAGO NORTHERLY ISLAND, IL US","2015-01-08","19","-6"
"USC00111550","CHICAGO NORTHERLY ISLAND, IL US","2015-01-09","16","3"
"USC00111550","CHICAGO NORTHERLY ISLAND, IL US","2015-01-10","25","1"
"USC00111550","CHICAGO NORTHERLY ISLAND, IL US","2015-01-11","33","24"
"USC00111550","CHICAGO NORTHERLY ISLAND, IL US","2015-01-12","30","19"
"USC00111550","CHICAGO NORTHERLY ISLAND, IL US","2015-01-13","23","13"
"USC00111550","CHICAGO NORTHERLY ISLAND, IL US","2015-01-14","22","8"
"USC00111550","CHICAGO NORTHERLY ISLAND, IL US","2015-01-15","36","17"
"USC00111550","CHICAGO NORTHERLY ISLAND, IL US","2015-01-16","33","26"
"USC00111550","CHICAGO NORTHERLY ISLAND, IL US","2015-01-17","43","29"
"USC00111550","CHICAGO NORTHERLY ISLAND, IL US","2015-01-18","42","34"
"USC00111550","CHICAGO NORTHERLY ISLAND, IL US","2015-01-19","38","30"
"USC00111550","CHICAGO NORTHERLY ISLAND, IL US","2015-01-20","39","31"
"USC00111550","CHICAGO NORTHERLY ISLAND, IL US","2015-01-21","33","30"
"USC00111550","CHICAGO NORTHERLY ISLAND, IL US","2015-01-22","33","30"
"USC00111550","CHICAGO NORTHERLY ISLAND, IL US","2015-01-23","33","30"
"USC00111550","CHICAGO NORTHERLY ISLAND, IL US","2015-01-24","43","31"
"USC00111550","CHICAGO NORTHERLY ISLAND, IL US","2015-01-25","35","25"
"USC00111550","CHICAGO NORTHERLY ISLAND, IL US","2015-01-26","28","22"
"USC00111550","CHICAGO NORTHERLY ISLAND, IL US","2015-01-27","30","26"
"USC00111550","CHICAGO NORTHERLY ISLAND, IL US","2015-01-28","35","23"
"USC00111550","CHICAGO NORTHERLY ISLAND, IL US","2015-01-29","38","30"
"USC00111550","CHICAGO NORTHERLY ISLAND, IL US","2015-01-30","30","23"
"USC00111550","CHICAGO NORTHERLY ISLAND, IL US","2015-01-31","38","24"
"USC00111550","CHICAGO NORTHERLY ISLAND, IL US","2015-02-01","32","21"
"USC00111550","CHICAGO NORTHERLY ISLAND, IL US","2015-02-02","23","11"
"USC00111550","CHICAGO NORTHERLY ISLAND, IL US","2015-02-03","29","10"
"USC00111550","CHICAGO NORTHERLY ISLAND, IL US","2015-02-04","28","14"
"USC00111550","CHICAGO NORTHERLY ISLAND, IL US","2015-02-05","19","8"
"USC00111550","CHICAGO NORTHERLY ISLAND, IL US","2015-02-06","32","15"
"USC00111550","CHICAGO NORTHERLY ISLAND, IL US","2015-02-07","44","28"
"USC00111550","CHICAGO NORTHERLY ISLAND, IL US","2015-02-08","43","29"
"USC00111550","CHICAGO NORTHERLY ISLAND, IL US","2015-02-09","29","26"
"USC00111550","CHICAGO NORTHERLY ISLAND, IL US","2015-02-10","29","25"
"USC00111550","CHICAGO NORTHERLY ISLAND, IL US","2015-02-11","37","21"
"USC00111550","CHICAGO NORTHERLY ISLAND, IL US","2015-02-12","22","11"
"USC00111550","CHICAGO NORTHERLY ISLAND, IL US","2015-02-13","28","10"
"USC00111550","CHICAGO NORTHERLY ISLAND, IL US","2015-02-14","29","5"
"USC00111550","CHICAGO NORTHERLY ISLAND, IL US","2015-02-15","14","1"
"USC00111550","CHICAGO NORTHERLY ISLAND, IL US","2015-02-16","18","8"
"USC00111550","CHICAGO NORTHERLY ISLAND, IL US","2015-02-17","22","11"
"USC00111550","CHICAGO NORTHERLY ISLAND, IL US","2015-02-18","11","0"
"USC00111550","CHICAGO NORTHERLY ISLAND, IL US","2015-02-19","8","-4"
"USC00111550","CHICAGO NORTHERLY ISLAND, IL US","2015-02-20","19","1"
"USC00111550","CHICAGO NORTHERLY ISLAND, IL US","2015-02-21","30","18"
"USC00111550","CHICAGO NORTHERLY ISLAND, IL US","2015-02-22","30","6"
"USC00111550","CHICAGO NORTHERLY ISLAND, IL US","2015-02-23","17","1"
"USC00111550","CHICAGO NORTHERLY ISLAND, IL US","2015-02-24","31","7"
"USC00111550","CHICAGO NORTHERLY ISLAND, IL US","2015-02-25","27","18"
"USC00111550","CHICAGO NORTHERLY ISLAND, IL US","2015-02-26","21","11"
"USC00111550","CHICAGO NORTHERLY ISLAND, IL US","2015-02-27","20","7"
"USC00111550","CHICAGO NORTHERLY ISLAND, IL US","2015-02-28","22","5"
"USC00111550","CHICAGO NORTHERLY ISLAND, IL US","2015-03-01","29","18"
"USC00111550","CHICAGO NORTHERLY ISLAND, IL US","2015-03-02","28","18"
"USC00111550","CHICAGO NORTHERLY ISLAND, IL US","2015-03-03","36","25"
"USC00111550","CHICAGO NORTHERLY ISLAND, IL US","2015-03-04","32","15"
"USC00111550","CHICAGO NORTHERLY ISLAND, IL US","2015-03-05","20","11"
"USC00111550","CHICAGO NORTHERLY ISLAND, IL US","2015-03-06","26","8"
"USC00111550","CHICAGO NORTHERLY ISLAND, IL US","2015-03-07","47","25"
"USC00111550","CHICAGO NORTHERLY ISLAND, IL US","2015-03-08","42","34"
"USC00111550","CHICAGO NORTHERLY ISLAND, IL US","2015-03-09","48","36"
"USC00111550","CHICAGO NORTHERLY ISLAND, IL US","2015-03-10","54","36"
"USC00111550","CHICAGO NORTHERLY ISLAND, IL US","2015-03-11","45","34"
"USC00111550","CHICAGO NORTHERLY ISLAND, IL US","2015-03-12","43","32"
"USC00111550","CHICAGO NORTHERLY ISLAND, IL US","2015-03-13","59","35"
"USC00111550","CHICAGO NORTHERLY ISLAND, IL US","2015-03-14","52","36"
"USC00111550","CHICAGO NORTHERLY ISLAND, IL US","2015-03-15","62","34"
"USC00111550","CHICAGO NORTHERLY ISLAND, IL US","2015-03-16","73","39"
"USC00111550","CHICAGO NORTHERLY ISLAND, IL US","2015-03-17","40","32"
"USC00111550","CHICAGO NORTHERLY ISLAND, IL US","2015-03-18","46","34"
"USC00111550","CHICAGO NORTHERLY ISLAND, IL US","2015-03-19","42","36"
"USC00111550","CHICAGO NORTHERLY ISLAND, IL US","2015-03-20","50","39"
"USC00111550","CHICAGO NORTHERLY ISLAND, IL US","2015-03-21","46","33"
"USC00111550","CHICAGO NORTHERLY ISLAND, IL US","2015-03-22","35","29"
"USC00111550","CHICAGO NORTHERLY ISLAND, IL US","2015-03-23","33","28"
"USC00111550","CHICAGO NORTHERLY ISLAND, IL US","2015-03-24","38","28"
"USC00111550","CHICAGO NORTHERLY ISLAND, IL US","2015-03-25","42","38"
"USC00111550","CHICAGO NORTHERLY ISLAND, IL US","2015-03-26","40","31"
"USC00111550","CHICAGO NORTHERLY ISLAND, IL US","2015-03-27","31","24"
"USC00111550","CHICAGO NORTHERLY ISLAND, IL US","2015-03-28","31","24"
"USC00111550","CHICAGO NORTHERLY ISLAND, IL US","2015-03-29","49","28"
"USC00111550","CHICAGO NORTHERLY ISLAND, IL US","2015-03-30","59","39"
"USC00111550","CHICAGO NORTHERLY ISLAND, IL US","2015-03-31","56","37"
"USC00111550","CHICAGO NORTHERLY ISLAND, IL US","2015-04-01","71","41"
"USC00111550","CHICAGO NORTHERLY ISLAND, IL US","2015-04-02","63","50"
"USC00111550","CHICAGO NORTHERLY ISLAND, IL US","2015-04-03","57","34"
"USC00111550","CHICAGO NORTHERLY ISLAND, IL US","2015-04-04","58","33"
"USC00111550","CHICAGO NORTHERLY ISLAND, IL US","2015-04-05","66","39"
"USC00111550","CHICAGO NORTHERLY ISLAND, IL US","2015-04-06","60","37"
"USC00111550","CHICAGO NORTHERLY ISLAND, IL US","2015-04-07","44","37"
"USC00111550","CHICAGO NORTHERLY ISLAND, IL US","2015-04-08","46","38"
"USC00111550","CHICAGO NORTHERLY ISLAND, IL US","2015-04-09","73","42"
"USC00111550","CHICAGO NORTHERLY ISLAND, IL US","2015-04-10","62","41"
"USC00111550","CHICAGO NORTHERLY ISLAND, IL US","2015-04-11","62","42"
"USC00111550","CHICAGO NORTHERLY ISLAND, IL US","2015-04-12","69","48"
"USC00111550","CHICAGO NORTHERLY ISLAND, IL US","2015-04-13","65","56"
"USC00111550","CHICAGO NORTHERLY ISLAND, IL US","2015-04-14","58","43"
"USC00111550","CHICAGO NORTHERLY ISLAND, IL US","2015-04-15","55","42"
"USC00111550","CHICAGO NORTHERLY ISLAND, IL US","2015-04-16","54","42"
"USC00111550","CHICAGO NORTHERLY ISLAND, IL US","2015-04-17","72","53"
"USC00111550","CHICAGO NORTHERLY ISLAND, IL US","2015-04-18","67","44"
"USC00111550","CHICAGO NORTHERLY ISLAND, IL US","2015-04-19","56","47"
"USC00111550","CHICAGO NORTHERLY ISLAND, IL US","2015-04-20","55","44"
"USC00111550","CHICAGO NORTHERLY ISLAND, IL US","2015-04-21","54","42"
"USC00111550","CHICAGO NORTHERLY ISLAND, IL US","2015-04-22","46","35"
"USC00111550","CHICAGO NORTHERLY ISLAND, IL US","2015-04-23","46","38"
"USC00111550","CHICAGO NORTHERLY ISLAND, IL US","2015-04-24","52","40"
"USC00111550","CHICAGO NORTHERLY ISLAND, IL US","2015-04-25","45","40"
"USC00111550","CHICAGO NORTHERLY ISLAND, IL US","2015-04-26","49","40"
"USC00111550","CHICAGO NORTHERLY ISLAND, IL US","2015-04-27","49","41"
"USC00111550","CHICAGO NORTHERLY ISLAND, IL US","2015-04-28","50","41"
"USC00111550","CHICAGO NORTHERLY ISLAND, IL US","2015-04-29","54","44"
"USC00111550","CHICAGO NORTHERLY ISLAND, IL US","2015-04-30","47","41"
"USC00111550","CHICAGO NORTHERLY ISLAND, IL US","2015-05-01","57","44"
"USC00111550","CHICAGO NORTHERLY ISLAND, IL US","2015-05-02","76","53"
"USC00111550","CHICAGO NORTHERLY ISLAND, IL US","2015-05-03","80","58"
"USC00111550","CHICAGO NORTHERLY ISLAND, IL US","2015-05-04","71","50"
"USC00111550","CHICAGO NORTHERLY ISLAND, IL US","2015-05-05","57","46"
"USC00111550","CHICAGO NORTHERLY ISLAND, IL US","2015-05-06","55","46"
"USC00111550","CHICAGO NORTHERLY ISLAND, IL US","2015-05-07","84","49"
"USC00111550","CHICAGO NORTHERLY ISLAND, IL US","2015-05-08","80","55"
"USC00111550","CHICAGO NORTHERLY ISLAND, IL US","2015-05-09","62","45"
"USC00111550","CHICAGO NORTHERLY ISLAND, IL US","2015-05-10","51","44"
"USC00111550","CHICAGO NORTHERLY ISLAND, IL US","2015-05-11","69","46"
"USC00111550","CHICAGO NORTHERLY ISLAND, IL US","2015-05-12","56","49"
"USC00111550","CHICAGO NORTHERLY ISLAND, IL US","2015-05-13","49","42"
"USC00111550","CHICAGO NORTHERLY ISLAND, IL US","2015-05-14","61","44"
"USC00111550","CHICAGO NORTHERLY ISLAND, IL US","2015-05-15","76","55"
"USC00111550","CHICAGO NORTHERLY ISLAND, IL US","2015-05-16","78","59"
"USC00111550","CHICAGO NORTHERLY ISLAND, IL US","2015-05-17","81","59"
"USC00111550","CHICAGO NORTHERLY ISLAND, IL US","2015-05-18","79","51"
"USC00111550","CHICAGO NORTHERLY ISLAND, IL US","2015-05-19","52","41"
"USC00111550","CHICAGO NORTHERLY ISLAND, IL US","2015-05-20","48","41"
"USC00111550","CHICAGO NORTHERLY ISLAND, IL US","2015-05-21","68","47"
"USC00111550","CHICAGO NORTHERLY ISLAND, IL US","2015-05-22","61","48"
"USC00111550","CHICAGO NORTHERLY ISLAND, IL US","2015-05-23","69","50"
"USC00111550","CHICAGO NORTHERLY ISLAND, IL US","2015-05-24","74","57"
"USC00111550","CHICAGO NORTHERLY ISLAND, IL US","2015-05-25","79","66"
"USC00111550","CHICAGO NORTHERLY ISLAND, IL US","2015-05-26","76","61"
"USC00111550","CHICAGO NORTHERLY ISLAND, IL US","2015-05-27","73","57"
"USC00111550","CHICAGO NORTHERLY ISLAND, IL US","2015-05-28","72","59"
"USC00111550","CHICAGO NORTHERLY ISLAND, IL US","2015-05-29","81","61"
"USC00111550","CHICAGO NORTHERLY ISLAND, IL US","2015-05-30","73","45"
"USC00111550","CHICAGO NORTHERLY ISLAND, IL US","2015-05-31","50","43"
"USC00111550","CHICAGO NORTHERLY ISLAND, IL US","2015-06-01","54","47"
"USC00111550","CHICAGO NORTHERLY ISLAND, IL US","2015-06-02","62","47"
"USC00111550","CHICAGO NORTHERLY ISLAND, IL US","2015-06-03","64","52"
"USC00111550","CHICAGO NORTHERLY ISLAND, IL US","2015-06-04","79","61"
"USC00111550","CHICAGO NORTHERLY ISLAND, IL US","2015-06-05","69","51"
"USC00111550","CHICAGO NORTHERLY ISLAND, IL US","2015-06-06","59","50"
"USC00111550","CHICAGO NORTHERLY ISLAND, IL US","2015-06-07","80","52"
"USC00111550","CHICAGO NORTHERLY ISLAND, IL US","2015-06-08","84","61"
"USC00111550","CHICAGO NORTHERLY ISLAND, IL US","2015-06-09","85","63"
"USC00111550","CHICAGO NORTHERLY ISLAND, IL US","2015-06-10","91","62"
"USC00111550","CHICAGO NORTHERLY ISLAND, IL US","2015-06-11","70","58"
"USC00111550","CHICAGO NORTHERLY ISLAND, IL US","2015-06-12","70","53"
"USC00111550","CHICAGO NORTHERLY ISLAND, IL US","2015-06-13","73","53"
"USC00111550","CHICAGO NORTHERLY ISLAND, IL US","2015-06-14","84","64"
"USC00111550","CHICAGO NORTHERLY ISLAND, IL US","2015-06-15","81","63"
"USC00111550","CHICAGO NORTHERLY ISLAND, IL US","2015-06-16","65","54"
"USC00111550","CHICAGO NORTHERLY ISLAND, IL US","2015-06-17","62","56"
"USC00111550","CHICAGO NORTHERLY ISLAND, IL US","2015-06-18","81","55"
"USC00111550","CHICAGO NORTHERLY ISLAND, IL US","2015-06-19","58","50"
"USC00111550","CHICAGO NORTHERLY ISLAND, IL US","2015-06-20","80","55"
"USC00111550","CHICAGO NORTHERLY ISLAND, IL US","2015-06-21","82","69"
"USC00111550","CHICAGO NORTHERLY ISLAND, IL US","2015-06-22","84","67"
"USC00111550","CHICAGO NORTHERLY ISLAND, IL US","2015-06-23","76","61"
"USC00111550","CHICAGO NORTHERLY ISLAND, IL US","2015-06-24","78","61"
"USC00111550","CHICAGO NORTHERLY ISLAND, IL US","2015-06-25","78","60"
"USC00111550","CHICAGO NORTHERLY ISLAND, IL US","2015-06-26","63","59"
"USC00111550","CHICAGO NORTHERLY ISLAND, IL US","2015-06-27","71","59"
"USC00111550","CHICAGO NORTHERLY ISLAND, IL US","2015-06-28","73","60"
"USC00111550","CHICAGO NORTHERLY ISLAND, IL US","2015-06-29","68","63"
"USC00111550","CHICAGO NORTHERLY ISLAND, IL US","2015-06-30","73","58"
"USC00111550","CHICAGO NORTHERLY ISLAND, IL US","2015-07-01","61","55"
"USC00111550","CHICAGO NORTHERLY ISLAND, IL US","2015-07-02","63","54"
"USC00111550","CHICAGO NORTHERLY ISLAND, IL US","2015-07-03","67","60"
"USC00111550","CHICAGO NORTHERLY ISLAND, IL US","2015-07-04","72","64"
"USC00111550","CHICAGO NORTHERLY ISLAND, IL US","2015-07-05","78","64"
"USC00111550","CHICAGO NORTHERLY ISLAND, IL US","2015-07-06","86","68"
"USC00111550","CHICAGO NORTHERLY ISLAND, IL US","2015-07-07","72","57"
"USC00111550","CHICAGO NORTHERLY ISLAND, IL US","2015-07-08","63","57"
"USC00111550","CHICAGO NORTHERLY ISLAND, IL US","2015-07-09","67","59"
"USC00111550","CHICAGO NORTHERLY ISLAND, IL US","2015-07-10","72","62"
"USC00111550","CHICAGO NORTHERLY ISLAND, IL US","2015-07-11","73","64"
"USC00111550","CHICAGO NORTHERLY ISLAND, IL US","2015-07-12","73","65"
"USC00111550","CHICAGO NORTHERLY ISLAND, IL US","2015-07-13","86","66"
"USC00111550","CHICAGO NORTHERLY ISLAND, IL US","2015-07-14","79","61"
"USC00111550","CHICAGO NORTHERLY ISLAND, IL US","2015-07-15","68","59"
"USC00111550","CHICAGO NORTHERLY ISLAND, IL US","2015-07-16","75","61"
"USC00111550","CHICAGO NORTHERLY ISLAND, IL US","2015-07-17","91","70"
"USC00111550","CHICAGO NORTHERLY ISLAND, IL US","2015-07-18","88","70"
"USC00111550","CHICAGO NORTHERLY ISLAND, IL US","2015-07-19","84","68"
"USC00111550","CHICAGO NORTHERLY ISLAND, IL US","2015-07-20","87","69"
"USC00111550","CHICAGO NORTHERLY ISLAND, IL US","2015-07-21","77","67"
"USC00111550","CHICAGO NORTHERLY ISLAND, IL US","2015-07-22","75","69"
"USC00111550","CHICAGO NORTHERLY ISLAND, IL US","2015-07-23","78","68"
"USC00111550","CHICAGO NORTHERLY ISLAND, IL US","2015-07-24","85","71"
"USC00111550","CHICAGO NORTHERLY ISLAND, IL US","2015-07-25","87","70"
"USC00111550","CHICAGO NORTHERLY ISLAND, IL US","2015-07-26","78","69"
"USC00111550","CHICAGO NORTHERLY ISLAND, IL US","2015-07-27","82","71"
"USC00111550","CHICAGO NORTHERLY ISLAND, IL US","2015-07-28","81","71"
"USC00111550","CHICAGO NORTHERLY ISLAND, IL US","2015-07-29","88","74"
"USC00111550","CHICAGO NORTHERLY ISLAND, IL US","2015-07-30","87","70"
"USC00111550","CHICAGO NORTHERLY ISLAND, IL US","2015-07-31","86","73"
"USC00111550","CHICAGO NORTHERLY ISLAND, IL US","2015-08-01","87","69"
"USC00111550","CHICAGO NORTHERLY ISLAND, IL US","2015-08-02","92","63"
"USC00111550","CHICAGO NORTHERLY ISLAND, IL US","2015-08-03","82","69"
"USC00111550","CHICAGO NORTHERLY ISLAND, IL US","2015-08-04","82","68"
"USC00111550","CHICAGO NORTHERLY ISLAND, IL US","2015-08-05","78","69"
"USC00111550","CHICAGO NORTHERLY ISLAND, IL US","2015-08-06","77","70"
"USC00111550","CHICAGO NORTHERLY ISLAND, IL US","2015-08-07","81","66"
"USC00111550","CHICAGO NORTHERLY ISLAND, IL US","2015-08-08","83","69"
"USC00111550","CHICAGO NORTHERLY ISLAND, IL US","2015-08-09","77","68"
"USC00111550","CHICAGO NORTHERLY ISLAND, IL US","2015-08-10","80","71"
"USC00111550","CHICAGO NORTHERLY ISLAND, IL US","2015-08-11","77","68"
"USC00111550","CHICAGO NORTHERLY ISLAND, IL US","2015-08-12","74","68"
"USC00111550","CHICAGO NORTHERLY ISLAND, IL US","2015-08-13","85","68"
"USC00111550","CHICAGO NORTHERLY ISLAND, IL US","2015-08-14","86","66"
"USC00111550","CHICAGO NORTHERLY ISLAND, IL US","2015-08-15","87","69"
"USC00111550","CHICAGO NORTHERLY ISLAND, IL US","2015-08-16","90","73"
"USC00111550","CHICAGO NORTHERLY ISLAND, IL US","2015-08-17","91","68"
"USC00111550","CHICAGO NORTHERLY ISLAND, IL US","2015-08-18","84","68"
"USC00111550","CHICAGO NORTHERLY ISLAND, IL US","2015-08-19","77","63"
"USC00111550","CHICAGO NORTHERLY ISLAND, IL US","2015-08-20","74","61"
"USC00111550","CHICAGO NORTHERLY ISLAND, IL US","2015-08-21","82","62"
"USC00111550","CHICAGO NORTHERLY ISLAND, IL US","2015-08-22","73","63"
"USC00111550","CHICAGO NORTHERLY ISLAND, IL US","2015-08-23","77","64"
"USC00111550","CHICAGO NORTHERLY ISLAND, IL US","2015-08-24","73","58"
"USC00111550","CHICAGO NORTHERLY ISLAND, IL US","2015-08-25","67","59"
"USC00111550","CHICAGO NORTHERLY ISLAND, IL US","2015-08-26","64","58"
"USC00111550","CHICAGO NORTHERLY ISLAND, IL US","2015-08-27","68","57"
"USC00111550","CHICAGO NORTHERLY ISLAND, IL US","2015-08-28","74","60"
"USC00111550","CHICAGO NORTHERLY ISLAND, IL US","2015-08-29","73","61"
"USC00111550","CHICAGO NORTHERLY ISLAND, IL US","2015-08-30","71","61"
"USC00111550","CHICAGO NORTHERLY ISLAND, IL US","2015-08-31","77","65"
"USC00111550","CHICAGO NORTHERLY ISLAND, IL US","2015-09-01","88","73"
"USC00111550","CHICAGO NORTHERLY ISLAND, IL US","2015-09-02","90","74"
"USC00111550","CHICAGO NORTHERLY ISLAND, IL US","2015-09-03","90","69"
"USC00111550","CHICAGO NORTHERLY ISLAND, IL US","2015-09-04","74","68"
"USC00111550","CHICAGO NORTHERLY ISLAND, IL US","2015-09-05","83","70"
"USC00111550","CHICAGO NORTHERLY ISLAND, IL US","2015-09-06","92","74"
"USC00111550","CHICAGO NORTHERLY ISLAND, IL US","2015-09-07","89","76"
"USC00111550","CHICAGO NORTHERLY ISLAND, IL US","2015-09-08","85","68"
"USC00111550","CHICAGO NORTHERLY ISLAND, IL US","2015-09-09","72","64"
"USC00111550","CHICAGO NORTHERLY ISLAND, IL US","2015-09-10","73","64"
"USC00111550","CHICAGO NORTHERLY ISLAND, IL US","2015-09-11","67","58"
"USC00111550","CHICAGO NORTHERLY ISLAND, IL US","2015-09-12","63","53"
"USC00111550","CHICAGO NORTHERLY ISLAND, IL US","2015-09-13","70","54"
"USC00111550","CHICAGO NORTHERLY ISLAND, IL US","2015-09-14","81","57"
"USC00111550","CHICAGO NORTHERLY ISLAND, IL US","2015-09-15","82","64"
"USC00111550","CHICAGO NORTHERLY ISLAND, IL US","2015-09-16","82","63"
"USC00111550","CHICAGO NORTHERLY ISLAND, IL US","2015-09-17","85","66"
"USC00111550","CHICAGO NORTHERLY ISLAND, IL US","2015-09-18","76","64"
"USC00111550","CHICAGO NORTHERLY ISLAND, IL US","2015-09-19","68","58"
"USC00111550","CHICAGO NORTHERLY ISLAND, IL US","2015-09-20","68","56"
"USC00111550","CHICAGO NORTHERLY ISLAND, IL US","2015-09-21","67","57"
"USC00111550","CHICAGO NORTHERLY ISLAND, IL US","2015-09-22","73","58"
"USC00111550","CHICAGO NORTHERLY ISLAND, IL US","2015-09-23","72","61"
"USC00111550","CHICAGO NORTHERLY ISLAND, IL US","2015-09-24","70","64"
"USC00111550","CHICAGO NORTHERLY ISLAND, IL US","2015-09-25","70","62"
"USC00111550","CHICAGO NORTHERLY ISLAND, IL US","2015-09-26","69","63"
"USC00111550","CHICAGO NORTHERLY ISLAND, IL US","2015-09-27","70","63"
"USC00111550","CHICAGO NORTHERLY ISLAND, IL US","2015-09-28","76","66"
"USC00111550","CHICAGO NORTHERLY ISLAND, IL US","2015-09-29","72","57"
"USC00111550","CHICAGO NORTHERLY ISLAND, IL US","2015-09-30","61","55"
"USC00111550","CHICAGO NORTHERLY ISLAND, IL US","2015-10-01","59","53"
"USC00111550","CHICAGO NORTHERLY ISLAND, IL US","2015-10-02","60","52"
"USC00111550","CHICAGO NORTHERLY ISLAND, IL US","2015-10-03","53","49"
"USC00111550","CHICAGO NORTHERLY ISLAND, IL US","2015-10-04","57","50"
"USC00111550","CHICAGO NORTHERLY ISLAND, IL US","2015-10-05","59","55"
"USC00111550","CHICAGO NORTHERLY ISLAND, IL US","2015-10-06","63","57"
"USC00111550","CHICAGO NORTHERLY ISLAND, IL US","2015-10-07","67","57"
"USC00111550","CHICAGO NORTHERLY ISLAND, IL US","2015-10-08","77","56"
"USC00111550","CHICAGO NORTHERLY ISLAND, IL US","2015-10-09","66","55"
"USC00111550","CHICAGO NORTHERLY ISLAND, IL US","2015-10-10","65","51"
"USC00111550","CHICAGO NORTHERLY ISLAND, IL US","2015-10-11","78","54"
"USC00111550","CHICAGO NORTHERLY ISLAND, IL US","2015-10-12","75","56"
"USC00111550","CHICAGO NORTHERLY ISLAND, IL US","2015-10-13","62","51"
"USC00111550","CHICAGO NORTHERLY ISLAND, IL US","2015-10-14","63","48"
"USC00111550","CHICAGO NORTHERLY ISLAND, IL US","2015-10-15","69","51"
"USC00111550","CHICAGO NORTHERLY ISLAND, IL US","2015-10-16","55","44"
"USC00111550","CHICAGO NORTHERLY ISLAND, IL US","2015-10-17","53","39"
"USC00111550","CHICAGO NORTHERLY ISLAND, IL US","2015-10-18","56","40"
"USC00111550","CHICAGO NORTHERLY ISLAND, IL US","2015-10-19","73","49"
"USC00111550","CHICAGO NORTHERLY ISLAND, IL US","2015-10-20","76","56"
"USC00111550","CHICAGO NORTHERLY ISLAND, IL US","2015-10-21","75","56"
"USC00111550","CHICAGO NORTHERLY ISLAND, IL US","2015-10-22","64","54"
"USC00111550","CHICAGO NORTHERLY ISLAND, IL US","2015-10-23","64","52"
"USC00111550","CHICAGO NORTHERLY ISLAND, IL US","2015-10-24","67","52"
"USC00111550","CHICAGO NORTHERLY ISLAND, IL US","2015-10-25","59","47"
"USC00111550","CHICAGO NORTHERLY ISLAND, IL US","2015-10-26","58","49"
"USC00111550","CHICAGO NORTHERLY ISLAND, IL US","2015-10-27","57","52"
"USC00111550","CHICAGO NORTHERLY ISLAND, IL US","2015-10-28","57","40"
"USC00111550","CHICAGO NORTHERLY ISLAND, IL US","2015-10-29","48","38"
"USC00111550","CHICAGO NORTHERLY ISLAND, IL US","2015-10-30","58","42"
"USC00111550","CHICAGO NORTHERLY ISLAND, IL US","2015-10-31","53","45"
"USC00111550","CHICAGO NORTHERLY ISLAND, IL US","2015-11-01","65","43"
"USC00111550","CHICAGO NORTHERLY ISLAND, IL US","2015-11-02","73","53"
"USC00111550","CHICAGO NORTHERLY ISLAND, IL US","2015-11-03","69","52"
"USC00111550","CHICAGO NORTHERLY ISLAND, IL US","2015-11-04","73","53"
"USC00111550","CHICAGO NORTHERLY ISLAND, IL US","2015-11-05","70","62"
"USC00111550","CHICAGO NORTHERLY ISLAND, IL US","2015-11-06","66","45"
"USC00111550","CHICAGO NORTHERLY ISLAND, IL US","2015-11-07","53","41"
"USC00111550","CHICAGO NORTHERLY ISLAND, IL US","2015-11-08","54","41"
"USC00111550","CHICAGO NORTHERLY ISLAND, IL US","2015-11-09","53","42"
"USC00111550","CHICAGO NORTHERLY ISLAND, IL US","2015-11-10","54","45"
"USC00111550","CHICAGO NORTHERLY ISLAND, IL US","2015-11-11","64","43"
"USC00111550","CHICAGO NORTHERLY ISLAND, IL US","2015-11-12","57","40"
"USC00111550","CHICAGO NORTHERLY ISLAND, IL US","2015-11-13","48","37"
"USC00111550","CHICAGO NORTHERLY ISLAND, IL US","2015-11-14","57","35"
"USC00111550","CHICAGO NORTHERLY ISLAND, IL US","2015-11-15","65","46"
"USC00111550","CHICAGO NORTHERLY ISLAND, IL US","2015-11-16","60","47"
"USC00111550","CHICAGO NORTHERLY ISLAND, IL US","2015-11-17","60","48"
"USC00111550","CHICAGO NORTHERLY ISLAND, IL US","2015-11-18","62","49"
"USC00111550","CHICAGO NORTHERLY ISLAND, IL US","2015-11-19","50","38"
"USC00111550","CHICAGO NORTHERLY ISLAND, IL US","2015-11-20","43","32"
"USC00111550","CHICAGO NORTHERLY ISLAND, IL US","2015-11-21","37","23"
"USC00111550","CHICAGO NORTHERLY ISLAND, IL US","2015-11-22","28","16"
"USC00111550","CHICAGO NORTHERLY ISLAND, IL US","2015-11-23","41","28"
"USC00111550","CHICAGO NORTHERLY ISLAND, IL US","2015-11-24","47","33"
"USC00111550","CHICAGO NORTHERLY ISLAND, IL US","2015-11-25","53","40"
"USC00111550","CHICAGO NORTHERLY ISLAND, IL US","2015-11-26","61","50"
"USC00111550","CHICAGO NORTHERLY ISLAND, IL US","2015-11-27","56","38"
"USC00111550","CHICAGO NORTHERLY ISLAND, IL US","2015-11-28","39","36"
"USC00111550","CHICAGO NORTHERLY ISLAND, IL US","2015-11-29","42","34"
"USC00111550","CHICAGO NORTHERLY ISLAND, IL US","2015-11-30","46","39"
"USC00111550","CHICAGO NORTHERLY ISLAND, IL US","2015-12-01","44","30"
"USC00111550","CHICAGO NORTHERLY ISLAND, IL US","2015-12-02","39","32"
"USC00111550","CHICAGO NORTHERLY ISLAND, IL US","2015-12-03","37","33"
"USC00111550","CHICAGO NORTHERLY ISLAND, IL US","2015-12-04","48","33"
"USC00111550","CHICAGO NORTHERLY ISLAND, IL US","2015-12-05","46","29"
"USC00111550","CHICAGO NORTHERLY ISLAND, IL US","2015-12-06","50","33"
"USC00111550","CHICAGO NORTHERLY ISLAND, IL US","2015-12-07","40","35"
"USC00111550","CHICAGO NORTHERLY ISLAND, IL US","2015-12-08","49","39"
"USC00111550","CHICAGO NORTHERLY ISLAND, IL US","2015-12-09","54","44"
"USC00111550","CHICAGO NORTHERLY ISLAND, IL US","2015-12-10","59","44"
"USC00111550","CHICAGO NORTHERLY ISLAND, IL US","2015-12-11","51","43"
"USC00111550","CHICAGO NORTHERLY ISLAND, IL US","2015-12-12","56","44"
"USC00111550","CHICAGO NORTHERLY ISLAND, IL US","2015-12-13","62","45"
"USC00111550","CHICAGO NORTHERLY ISLAND, IL US","2015-12-14","61","43"
"USC00111550","CHICAGO NORTHERLY ISLAND, IL US","2015-12-15","44","40"
"USC00111550","CHICAGO NORTHERLY ISLAND, IL US","2015-12-16","54","36"
"USC00111550","CHICAGO NORTHERLY ISLAND, IL US","2015-12-17","36","31"
"USC00111550","CHICAGO NORTHERLY ISLAND, IL US","2015-12-18","33","26"
"USC00111550","CHICAGO NORTHERLY ISLAND, IL US","2015-12-19","32","18"
"USC00111550","CHICAGO NORTHERLY ISLAND, IL US","2015-12-20","50","28"
"USC00111550","CHICAGO NORTHERLY ISLAND, IL US","2015-12-21","54","41"
"USC00111550","CHICAGO NORTHERLY ISLAND, IL US","2015-12-22","42","36"
"USC00111550","CHICAGO NORTHERLY ISLAND, IL US","2015-12-23","59","42"
"USC00111550","CHICAGO NORTHERLY ISLAND, IL US","2015-12-24","44","36"
"USC00111550","CHICAGO NORTHERLY ISLAND, IL US","2015-12-25","44","37"
"USC00111550","CHICAGO NORTHERLY ISLAND, IL US","2015-12-26","43","41"
"USC00111550","CHICAGO NORTHERLY ISLAND, IL US","2015-12-27","41","36"
"USC00111550","CHICAGO NORTHERLY ISLAND, IL US","2015-12-28","42","32"
"USC00111550","CHICAGO NORTHERLY ISLAND, IL US","2015-12-29","41","30"
"USC00111550","CHICAGO NORTHERLY ISLAND, IL US","2015-12-30","31","27"
"USC00111550","CHICAGO NORTHERLY ISLAND, IL US","2015-12-31","30","25"
